{"avg_bfs_time": 0.001259, "avg_dfs_time": 0.000106, "avg_gbfs_time": 0.000222, "avg_ucs_time": 0.001997, "avg_astar_time": 0.002461, "avg_dp_time": 0.463404, "avg_bfs_cost": 186.99568, "avg_dfs_cost": 669.24564, "avg_gbfs_cost": 673.09058, "avg_ucs_cost": 181.95276, "avg_astar_cost": 181.95276, "avg_dp_cost": 181.95276, "avg_bfs_expansions": 400.0, "avg_dfs_expansions": 39.0, "avg_gbfs_expansions": 39.0, "avg_ucs_expansions": 389.819, "avg_astar_expansions": 377.617, "avg_dp_expansions": 17306.8}